doc_id,corpus,text
0,pile-cc,"

Analytics

Privacy Policy

Privacy Policy for billonmajorissues.blogspot.com

If you require any more information or have any questions about our privacy policy, please feel free to contact me by email at JBoushka@aol.com.

At billonmajorissues.blogspot.com, the privacy of my visitors is of extreme importance to me. This privacy policy document outlines the types of personal information is received and collected by billonmajorissues.blogspot.com and how it is used.

Log Files Like many other Web sites, billonmajorissues.blogspot.com makes use of log files. The information inside the log files includes internet protocol ( IP ) addresses, type of browser, Internet Service Provider ( ISP ), date/time stamp, referring/exit pages, and number of clicks to analyze trends, administer the site, track userâ€™s movement around the site, and gather demographic information. IP addresses, and"
1,pile-cc,")

Symbols: = New Posts since your last visit = No New Posts since last visit = Newest post

Forum Rules:No profanity, illegal acts or personal attacks will be tolerated in these discussion boards.No commercial posting of any nature will be tolerated; only private sales by private individuals, in the ""Buy and Sell"" forum.No SEO style postings will be tolerated. SEO related posts will result in immediate ban from CoffeeGeek.No cross posting allowed - do not post your topic to more than one forum, nor repost a topic to the same forum.Who Can Read The Forum? Anyone can read posts in these discussion boards.Who Can Post New Topics? Any registered CoffeeGeek member can post new topics.Who Can Post Replies? Any registered CoffeeGek member can post replies.Can Photos be posted? Anyone can post photos in their new topics or replies.Who can change or delete posts? Any CoffeeGeek member can edit their"
2,pile-cc,"Q%3D"",""sprites"":{""addToWishlist"":[""wl_one"",""wl_two"",""wl_three""],""addToCart"":[""s_addToCart"",""s_addBothToCart"",""s_add3ToCart""],""preorder"":[""s_preorderThis"",""s_preorderBoth"",""s_preorderAll3""]},""shippingDetails"":{""xz"":""same"",""xy"":""same"",""yz"":""same"",""xyz"":""same""},""tags"":[""x"",""y"",""z"",""w""],""strings"":{""addToWishlist"":[""Add to Wish List"",""Add both to Wish List"",""Add all three to Wish List"",""Add all four to Wish List""],""addToCart"":[""Add to Cart"",""Add both to Cart"",""Add all three to Cart"",""Add all four to Cart""],""showDetailsDefault"":""Show availability and shipping details"",""shippingError"":""An error occurred, please try again"",""hideDetailsDefault"":""Hide availability and shipping details"",""priceLabel"":[""Price:"
3,pile-cc,".

No comments:

Post a Comment

This blog does NOT allow anonymous comments. All comments are moderated to filter out abusive and vulgar language and any posts indulging in abusive and insulting language shall be deleted without any further discussion.

Popular Posts

In order to be fair and have more choices, there are now two Popular Posts lists: the first one is for the last 30 days and the second one is for all-time favorites. Some posts may appear on both lists temporarily.

Associated Sites

Disclaimer

In Accordance with Title 17 USC Section 107, any copyright material on display here is under Fair Use without any claim of ownership or any profit accrued by the display. The Material herein is for non-profit educational or criticism puposes only. Notwithstanding the provisions of Sections 106 and 106a, the fair use of a copyrighted work including reproduction and distribution of said material as specified in that section, for purposes of education, news reporting,"
